"id";"five_min_start"
400;1540221300
399;1540222200
398;1540222800
397;1540223700
396;1540224000
395;1540287300
394;1540287900
393;1540288500
392;1540288800
391;1540289400
390;1540291500
389;1540292100
388;1540292400
387;1540293300
386;1540294200
385;1540298100
384;1540298400
383;1540299600
382;1540302000
381;1540304400
2000;1540306500
1999;1540306800
1998;1540307100
1997;1540307400
1996;1540308300
380;1540309200
379;1540309500
378;1540309800
377;1540310100
376;1540310400
375;1540373700
1993;1540374000
374;1540375200
373;1540375500
372;1540375800
1989;1540376100
371;1540376400
1988;1540376700
370;1540377000
1987;1540377300
1986;1540377600
1985;1540377900
1984;1540378200
1983;1540380000
1982;1540380300
369;1540380600
368;1540381200
1980;1540382100
1979;1540384200
367;1540384500
366;1540384800
365;1540390200
364;1540391100
1977;1540391700
363;1540392900
362;1540394100
361;1540395000
360;1540395300
359;1540395600
358;1540396200
357;1540396500
356;1540396800
1976;1540460100
1975;1540460400
1974;1540461000
1973;1540461600
1972;1540462200
1971;1540463100
1970;1540463700
355;1540464000
354;1540465200
353;1540466700
352;1540467000
1968;1540467600
1967;1540467900
1966;1540468800
1965;1540469100
1964;1540471500
351;1540471800
350;1540472700
349;1540473600
1963;1540473900
348;1540474200
1962;1540475400
1961;1540475700
347;1540477800
346;1540478100
345;1540478400
1958;1540479000
1957;1540479900
344;1540480800
1956;1540481700
343;1540482000
342;1540482300
341;1540482600
340;1540483200
339;1540546500
1954;1540546800
1953;1540547100
338;1540548300
337;1540548600
1952;1540550700
1951;1540551300
1950;1540551600
1949;1540552500
336;1540552800
1948;1540554600
335;1540554900
1946;1540557600
334;1540559100
333;1540559400
1944;1540561500
332;1540563600
331;1540566600
330;1540568100
329;1540568700
328;1540569000
6174;1540569600
1942;1540805700
1941;1540808400
1940;1540808700
1939;1540809600
1938;1540809900
327;1540811400
1937;1540811700
1936;1540812000
1935;1540812300
1934;1540812900
1933;1540813200
326;1540815000
325;1540815300
1932;1540816200
324;1540817400
1931;1540818300
1930;1540818600
323;1540818900
1929;1540819200
1200;1540819500
1199;1540819800
1198;1540820100
1197;1540820400
1196;1540820700
600;1540821000
500;1540821300
100;1540821600
99;1540821900
98;1540822200
97;1540822500
96;1540822800
95;1540823100
94;1540823400
93;1540823700
92;1540824000
91;1540824300
90;1540824600
89;1540824900
88;1540825200
87;1540825500
86;1540825800
85;1540826100
84;1540826400
83;1540826700
82;1540827000
81;1540827300
80;1540827600
79;1540827900
78;1540828200
77;1540828500
76;1540828800
75;1540892100
74;1540892400
73;1540892700
72;1540893000
71;1540893300
70;1540893600
69;1540893900
68;1540894200
67;1540894500
66;1540894800
65;1540895100
64;1540895400
63;1540895700
62;1540896000
61;1540896300
60;1540896600
161;1540896900
160;1540897200
59;1540897800
58;1540898100
57;1540898400
56;1540898700
55;1540899000
54;1540899300
53;1540899600
52;1540899900
51;1540900200
50;1540900500
49;1540900800
48;1540901100
47;1540901400
46;1540901700
45;1540902000
44;1540902300
43;1540902600
42;1540902900
41;1540903200
40;1540903500
39;1540903800
38;1540904100
37;1540904400
36;1540904700
35;1540905000
34;1540905300
33;1540905600
32;1540905900
31;1540906200
30;1540906500
29;1540906800
28;1540907100
27;1540907400
26;1540907700
25;1540908000
24;1540908300
23;1540908600
22;1540908900
21;1540909200
20;1540909500
19;1540909800
18;1540910100
17;1540910400
16;1540910700
15;1540911000
14;1540911300
13;1540911600
12;1540911900
11;1540912200
10;1540912500
9;1540912800
8;1540913100
7;1540913400
6;1540913700
5;1540914000
4;1540914300
3;1540914600
2;1540914900
1;1540915200
2178;1540978500
2177;1540978800
2176;1540979100
2175;1540979400
2174;1540979700
2173;1540980000
2172;1540980300
2171;1540980600
2170;1540980900
2169;1540981200
2168;1540981500
2167;1540981800
2166;1540982100
2165;1540982400
2164;1540982700
2163;1540983000
2162;1540983300
2161;1540983600
2160;1540983900
2159;1540984200
2158;1540984500
2157;1540984800
2156;1540985100
2155;1540985400
2154;1540985700
2153;1540986000
2152;1540986300
2151;1540986600
2150;1540986900
2149;1540987200
2148;1540987500
2147;1540987800
2146;1540988100
2145;1540988400
2144;1540988700
2143;1540989000
2142;1540989300
2141;1540989600
2140;1540989900
2139;1540990200
2138;1540990500
2137;1540990800
2136;1540991100
2135;1540991400
2134;1540991700
2133;1540992000
2132;1540992300
2131;1540992600
2130;1540992900
2129;1540993200
2128;1540993500
2127;1540993800
2126;1540994100
2125;1540994400
2124;1540994700
2123;1540995000
2122;1540995300
2121;1540995600
2120;1540995900
2119;1540996200
2118;1540996500
2117;1540996800
2116;1540997100
2115;1540997400
2114;1540997700
2113;1540998000
2112;1540998300
2111;1540998600
2110;1540998900
2109;1540999200
2108;1540999500
2107;1540999800
2106;1541000100
2105;1541000400
2104;1541000700
2103;1541001000
2102;1541001300
2101;1541001600
4278;1541064900
4277;1541065200
4276;1541065500
4275;1541065800
4274;1541066100
4273;1541066400
4272;1541066700
4271;1541067000
4270;1541067300
4269;1541067600
4268;1541067900
4267;1541068200
4266;1541068500
4265;1541068800
4264;1541069100
4263;1541069400
4262;1541069700
4261;1541070000
4260;1541070300
4259;1541070600
4258;1541070900
4257;1541071200
4256;1541071500
4255;1541071800
4254;1541072100
4253;1541072400
4252;1541072700
4251;1541073000
4250;1541073300
4249;1541073600
4248;1541073900
4247;1541074200
4246;1541074500
4245;1541074800
4244;1541075100
4243;1541075400
4242;1541075700
4241;1541076000
4240;1541076300
4239;1541076600
4238;1541076900
4237;1541077200
4236;1541077500
4235;1541077800
4234;1541078100
4233;1541078400
4232;1541078700
4231;1541079000
4230;1541079300
4229;1541079600
4228;1541079900
4227;1541080200
4226;1541080500
4225;1541080800
4224;1541081100
4223;1541081400
4222;1541081700
4221;1541082000
4220;1541082300
4219;1541082600
4218;1541082900
4217;1541083200
4216;1541083500
4215;1541083800
4214;1541084100
4213;1541084400
4212;1541084700
4211;1541085000
4210;1541085300
4209;1541085600
4208;1541085900
4207;1541086200
4206;1541086500
4205;1541086800
4204;1541087100
4203;1541087400
4202;1541087700
4201;1541088000
12678;1541151300
12677;1541151600
12676;1541151900
12675;1541152200
12674;1541152500
12673;1541152800
12672;1541153100
12671;1541153400
12670;1541153700
12669;1541154000
12668;1541154300
12667;1541154600
12666;1541154900
12665;1541155200
12664;1541155500
12663;1541155800
12662;1541156100
12661;1541156400
12660;1541156700
12659;1541157000
12658;1541157300
12657;1541157600
12656;1541157900
12655;1541158200
12654;1541158500
12653;1541158800
12652;1541159100
12651;1541159400
12650;1541159700
12649;1541160000
12648;1541160300
12647;1541160600
12646;1541160900
12645;1541161200
12644;1541161500
12643;1541161800
12642;1541162100
12641;1541162400
12640;1541162700
12639;1541163000
12638;1541163300
12637;1541163600
12636;1541163900
12635;1541164200
12634;1541164500
12633;1541164800
12632;1541165100
12631;1541165400
12630;1541165700
12629;1541166000
12628;1541166300
12627;1541166600
12626;1541166900
12625;1541167200
12624;1541167500
12623;1541167800
12622;1541168100
12621;1541168400
12620;1541168700
12619;1541169000
12618;1541169300
12617;1541169600
12616;1541169900
12615;1541170200
12614;1541170500
12613;1541170800
12612;1541171100
12611;1541171400
12610;1541171700
12609;1541172000
12608;1541172300
12607;1541172600
12606;1541172900
12605;1541173200
12604;1541173500
12603;1541173800
12602;1541174100
12601;1541174400
14778;1541410500
14777;1541410800
14776;1541411100
14775;1541411400
14774;1541411700
14773;1541412000
14772;1541412300
14771;1541412600
14770;1541412900
14769;1541413200
14768;1541413500
14767;1541413800
14766;1541414100
14765;1541414400
14764;1541414700
14763;1541415000
14762;1541415300
14761;1541415600
14760;1541415900
14759;1541416200
14758;1541416500
14757;1541416800
14756;1541417100
14755;1541417400
14754;1541417700
14753;1541418000
14752;1541418300
14751;1541418600
14750;1541418900
14749;1541419200
14748;1541419500
14747;1541419800
14746;1541420100
14745;1541420400
14744;1541420700
14743;1541421000
14742;1541421300
14741;1541421600
14740;1541421900
14739;1541422200
14738;1541422500
14737;1541422800
14736;1541423100
14735;1541423400
14734;1541423700
14733;1541424000
14732;1541424300
14731;1541424600
14730;1541424900
14729;1541425200
14728;1541425500
14727;1541425800
14726;1541426100
14725;1541426400
14724;1541426700
14723;1541427000
14722;1541427300
14721;1541427600
14720;1541427900
14719;1541428200
14718;1541428500
14717;1541428800
14716;1541429100
14715;1541429400
14714;1541429700
14713;1541430000
14712;1541430300
14711;1541430600
14710;1541430900
14709;1541431200
14708;1541431500
14707;1541431800
14706;1541432100
14705;1541432400
14704;1541432700
14703;1541433000
14702;1541433300
14701;1541433600
18978;1541496900
18977;1541497200
18976;1541497500
18975;1541497800
18974;1541498100
18973;1541498400
18972;1541498700
18971;1541499000
18970;1541499300
18969;1541499600
18968;1541499900
18967;1541500200
18966;1541500500
18965;1541500800
18964;1541501100
18963;1541501400
18962;1541501700
18961;1541502000
18960;1541502300
18959;1541502600
18958;1541502900
18957;1541503200
18956;1541503500
18955;1541503800
18954;1541504100
18953;1541504400
18952;1541504700
18951;1541505000
18950;1541505300
18949;1541505600
18948;1541505900
18947;1541506200
18946;1541506500
18945;1541506800
18944;1541507100
18943;1541507400
18942;1541507700
18941;1541508000
18940;1541508300
18939;1541508600
18938;1541508900
18937;1541509200
18936;1541509500
18935;1541509800
18934;1541510100
18933;1541510400
18932;1541510700
18931;1541511000
18930;1541511300
18929;1541511600
18928;1541511900
18927;1541512200
18926;1541512500
18925;1541512800
18924;1541513100
18923;1541513400
18922;1541513700
18921;1541514000
18920;1541514300
18919;1541514600
18918;1541514900
18917;1541515200
18916;1541515500
18915;1541515800
18914;1541516100
18913;1541516400
18912;1541516700
18911;1541517000
18910;1541517300
18909;1541517600
18908;1541517900
18907;1541518200
18906;1541518500
18905;1541518800
18904;1541519100
18903;1541519400
18902;1541519700
18901;1541520000
25278;1541583300
25277;1541583600
25276;1541583900
25275;1541584200
25274;1541584500
25273;1541584800
25272;1541585100
25271;1541585400
25270;1541585700
25269;1541586000
25268;1541586300
25267;1541586600
25266;1541586900
25265;1541587200
25264;1541587500
25263;1541587800
25262;1541588100
25261;1541588400
25260;1541588700
25259;1541589000
25258;1541589300
25257;1541589600
25256;1541589900
25255;1541590200
25254;1541590500
25253;1541590800
25252;1541591100
25251;1541591400
25250;1541591700
25249;1541592000
25248;1541592300
25247;1541592600
25246;1541592900
25245;1541593200
25244;1541593500
25243;1541593800
25242;1541594100
25241;1541594400
25240;1541594700
25239;1541595000
25238;1541595300
25237;1541595600
25236;1541595900
25235;1541596200
25234;1541596500
25233;1541596800
25232;1541597100
25231;1541597400
25230;1541597700
25229;1541598000
25228;1541598300
25227;1541598600
25226;1541598900
25225;1541599200
25224;1541599500
25223;1541599800
25222;1541600100
25221;1541600400
25220;1541600700
25219;1541601000
25218;1541601300
25217;1541601600
25216;1541601900
25215;1541602200
25214;1541602500
25213;1541602800
25212;1541603100
25211;1541603400
25210;1541603700
25209;1541604000
25208;1541604300
25207;1541604600
25206;1541604900
25205;1541605200
25204;1541605500
25203;1541605800
25202;1541606100
25201;1541606400
33678;1541669700
33677;1541670000
33676;1541670300
33675;1541670600
33674;1541670900
33673;1541671200
33672;1541671500
33671;1541671800
33670;1541672100
33669;1541672400
33668;1541672700
33667;1541673000
33666;1541673300
33665;1541673600
33664;1541673900
33663;1541674200
33662;1541674500
33661;1541674800
33660;1541675100
33659;1541675400
33658;1541675700
33657;1541676000
33656;1541676300
33655;1541676600
33654;1541676900
33653;1541677200
33652;1541677500
33651;1541677800
33650;1541678100
33649;1541678400
33648;1541678700
33647;1541679000
33646;1541679300
33645;1541679600
33644;1541679900
33643;1541680200
33642;1541680500
33641;1541680800
33640;1541681100
33639;1541681400
33638;1541681700
33637;1541682000
33636;1541682300
33635;1541682600
33634;1541682900
33633;1541683200
33632;1541683500
33631;1541683800
33630;1541684100
33629;1541684400
33628;1541684700
33627;1541685000
33626;1541685300
33625;1541685600
33624;1541685900
33623;1541686200
33622;1541686500
33621;1541686800
33620;1541687100
33619;1541687400
33618;1541687700
33617;1541688000
33616;1541688300
33615;1541688600
33614;1541688900
33613;1541689200
33612;1541689500
33611;1541689800
33610;1541690100
33609;1541690400
33608;1541690700
33607;1541691000
33606;1541691300
33605;1541691600
33604;1541691900
33603;1541692200
33602;1541692500
33601;1541692800
44178;1541756100
44177;1541756400
44176;1541756700
44175;1541757000
44174;1541757300
44173;1541757600
44172;1541757900
44171;1541758200
44170;1541758500
44169;1541758800
44168;1541759100
44167;1541759400
44166;1541759700
44165;1541760000
44164;1541760300
44163;1541760600
44162;1541760900
44161;1541761200
44160;1541761500
44159;1541761800
44158;1541762100
44157;1541762400
44156;1541762700
44155;1541763000
44154;1541763300
44153;1541763600
44152;1541763900
44151;1541764200
44150;1541764500
44149;1541764800
44148;1541765100
44147;1541765400
44146;1541765700
44145;1541766000
44144;1541766300
44143;1541766600
44142;1541766900
44141;1541767200
44140;1541767500
44139;1541767800
44138;1541768100
44137;1541768400
44136;1541768700
44135;1541769000
44134;1541769300
44133;1541769600
44132;1541769900
44131;1541770200
44130;1541770500
44129;1541770800
44128;1541771100
44127;1541771400
44126;1541771700
44125;1541772000
44124;1541772300
44123;1541772600
44122;1541772900
44121;1541773200
44120;1541773500
44119;1541773800
44118;1541774100
44117;1541774400
44116;1541774700
44115;1541775000
44114;1541775300
44113;1541775600
44112;1541775900
44111;1541776200
44110;1541776500
44109;1541776800
44108;1541777100
44107;1541777400
44106;1541777700
44105;1541778000
44104;1541778300
44103;1541778600
44102;1541778900
44101;1541779200
56778;1542015300
56777;1542015600
56776;1542015900
56775;1542016200
56774;1542016500
56773;1542016800
56772;1542017100
56771;1542017400
56770;1542017700
56769;1542018000
56768;1542018300
56767;1542018600
56766;1542018900
56765;1542019200
56764;1542019500
56763;1542019800
56762;1542020100
56761;1542020400
56760;1542020700
56759;1542021000
56758;1542021300
56757;1542021600
56756;1542021900
56755;1542022200
56754;1542022500
56753;1542022800
56752;1542023100
56751;1542023400
56750;1542023700
56749;1542024000
56748;1542024300
56747;1542024600
56746;1542024900
56745;1542025200
56744;1542025500
56743;1542025800
56742;1542026100
56741;1542026400
56740;1542026700
56739;1542027000
56738;1542027300
56737;1542027600
56736;1542027900
56735;1542028200
56734;1542028500
56733;1542028800
56732;1542029100
56731;1542029400
56730;1542029700
56729;1542030000
56728;1542030300
56727;1542030600
56726;1542030900
56725;1542031200
56724;1542031500
56723;1542031800
56722;1542032100
56721;1542032400
56720;1542032700
56719;1542033000
56718;1542033300
56717;1542033600
56716;1542033900
56715;1542034200
56714;1542034500
56713;1542034800
56712;1542035100
56711;1542035400
56710;1542035700
56709;1542036000
56708;1542036300
56707;1542036600
56706;1542036900
56705;1542037200
56704;1542037500
56703;1542037800
56702;1542038100
56701;1542038400
71476;1542101700
71475;1542102000
71474;1542102300
71473;1542102600
71472;1542102900
71471;1542103200
71470;1542103500
71469;1542103800
71468;1542104100
71467;1542104400
71466;1542104700
71567;1542105000
71465;1542105300
71464;1542105600
71463;1542105900
71462;1542106200
71461;1542106500
71460;1542106800
71459;1542107100
71559;1542107400
71458;1542107700
71457;1542108000
71456;1542108300
71455;1542108600
71454;1542108900
71453;1542109200
71452;1542109500
71451;1542109800
71450;1542110100
71449;1542110400
71448;1542110700
71447;1542111000
71446;1542111300
71445;1542111600
71444;1542111900
71443;1542112200
71442;1542112500
71441;1542112800
71440;1542113100
71439;1542113400
71438;1542113700
71437;1542114000
71436;1542114300
71435;1542114600
71434;1542114900
71433;1542115200
71432;1542115500
71431;1542115800
71430;1542116100
71429;1542116400
71428;1542116700
71427;1542117000
71426;1542117300
71425;1542117600
71424;1542117900
71423;1542118200
71422;1542118500
71421;1542118800
71420;1542119100
71419;1542119400
71418;1542119700
71417;1542120000
71416;1542120300
71415;1542120600
71414;1542120900
71413;1542121200
71412;1542121500
71411;1542121800
71410;1542122100
71409;1542122400
71408;1542122700
71407;1542123000
71406;1542123300
71405;1542123600
71404;1542123900
71403;1542124200
71402;1542124500
71401;1542124800
73578;1542188100
73577;1542188400
73576;1542188700
73575;1542189000
73574;1542189300
73573;1542189600
73572;1542189900
73571;1542190200
73570;1542190500
73569;1542190800
73568;1542191100
73567;1542191400
73566;1542191700
73565;1542192000
73564;1542192300
73563;1542192600
73562;1542192900
73561;1542193200
73560;1542193500
73559;1542193800
73558;1542194100
73557;1542194400
73556;1542194700
73555;1542195000
73554;1542195300
73553;1542195600
73552;1542195900
73551;1542196200
73550;1542196500
73549;1542196800
73548;1542197100
73547;1542197400
73546;1542197700
73545;1542198000
73544;1542198300
73543;1542198600
73542;1542198900
73541;1542199200
73540;1542199500
73539;1542199800
73538;1542200100
73537;1542200400
73536;1542200700
73535;1542201000
73534;1542201300
73533;1542201600
73532;1542201900
73531;1542202200
73530;1542202500
73529;1542202800
73528;1542203100
73527;1542203400
73526;1542203700
73525;1542204000
73524;1542204300
73523;1542204600
73522;1542204900
73521;1542205200
73520;1542205500
73519;1542205800
73518;1542206100
73517;1542206400
73516;1542206700
73515;1542207000
73514;1542207300
73513;1542207600
73512;1542207900
73511;1542208200
73510;1542208500
73509;1542208800
73508;1542209100
73507;1542209400
73506;1542209700
73505;1542210000
73504;1542210300
73503;1542210600
73502;1542210900
73501;1542211200
77778;1542274500
77777;1542274800
77776;1542275100
77775;1542275400
77774;1542275700
77773;1542276000
77772;1542276300
77771;1542276600
77770;1542276900
77769;1542277200
77768;1542277500
77767;1542277800
77766;1542278100
77765;1542278400
77764;1542278700
77763;1542279000
77762;1542279300
77761;1542279600
77760;1542279900
77759;1542280200
77758;1542280500
77757;1542280800
77756;1542281100
77755;1542281400
77754;1542281700
77753;1542282000
77752;1542282300
77751;1542282600
77750;1542282900
77749;1542283200
77748;1542283500
77747;1542283800
77746;1542284100
77745;1542284400
77744;1542284700
77743;1542285000
77742;1542285300
77741;1542285600
77740;1542285900
77739;1542286200
77738;1542286500
77737;1542286800
77736;1542287100
77735;1542287400
77734;1542287700
77733;1542288000
77732;1542288300
77731;1542288600
77730;1542288900
77729;1542289200
77728;1542289500
77727;1542289800
77726;1542290100
77725;1542290400
77724;1542290700
77723;1542291000
77722;1542291300
77721;1542291600
77720;1542291900
77719;1542292200
77718;1542292500
77717;1542292800
77716;1542293100
77715;1542293400
77714;1542293700
77713;1542294000
77712;1542294300
77711;1542294600
77710;1542294900
77709;1542295200
77708;1542295500
77707;1542295800
77706;1542296100
77705;1542296400
77704;1542296700
77703;1542297000
77702;1542297300
77701;1542297600
84078;1542360900
84077;1542361200
84076;1542361500
84075;1542361800
84074;1542362100
84073;1542362400
84072;1542362700
84071;1542363000
84070;1542363300
84069;1542363600
84068;1542363900
84067;1542364200
84066;1542364500
84065;1542364800
84064;1542365100
84063;1542365400
84062;1542365700
84061;1542366000
84060;1542366300
84059;1542366600
84058;1542366900
84057;1542367200
84056;1542367500
84055;1542367800
84054;1542368100
84053;1542368400
84052;1542368700
84051;1542369000
84050;1542369300
84049;1542369600
84048;1542369900
84047;1542370200
84046;1542370500
84045;1542370800
84044;1542371100
84043;1542371400
84042;1542371700
84041;1542372000
84040;1542372300
84039;1542372600
84038;1542372900
84037;1542373200
84036;1542373500
84035;1542373800
84034;1542374100
84033;1542374400
84032;1542374700
84031;1542375000
84030;1542375300
84029;1542375600
84028;1542375900
84027;1542376200
84026;1542376500
84025;1542376800
84024;1542377100
84023;1542377400
84022;1542377700
84021;1542378000
84020;1542378300
84019;1542378600
84018;1542378900
84017;1542379200
84016;1542379500
84015;1542379800
84014;1542380100
84013;1542380400
84012;1542380700
84011;1542381000
84010;1542381300
84009;1542381600
84008;1542381900
84007;1542382200
84006;1542382500
84005;1542382800
84004;1542383100
84003;1542383400
84002;1542383700
84001;1542384000
92478;1542620100
92477;1542620400
92476;1542620700
92475;1542621000
92474;1542621300
92473;1542621600
92472;1542621900
92471;1542622200
92470;1542622500
92469;1542622800
92468;1542623100
92467;1542623400
92466;1542623700
92465;1542624000
92464;1542624300
92463;1542624600
92462;1542624900
92461;1542625200
92460;1542625500
92459;1542625800
92458;1542626100
92457;1542626400
92456;1542626700
92455;1542627000
92454;1542627300
92453;1542627600
92452;1542627900
92451;1542628200
92450;1542628500
92449;1542628800
92448;1542629100
92447;1542629400
92446;1542629700
92445;1542630000
92444;1542630300
92443;1542630600
92442;1542630900
92441;1542631200
92440;1542631500
92439;1542631800
92438;1542632100
92437;1542632400
92436;1542632700
92435;1542633000
92434;1542633300
92433;1542633600
92432;1542633900
92431;1542634200
92430;1542634500
92429;1542634800
92428;1542635100
92427;1542635400
92426;1542635700
92425;1542636000
92424;1542636300
92423;1542636600
92422;1542636900
92421;1542637200
92420;1542637500
92419;1542637800
92418;1542638100
92417;1542638400
92416;1542638700
92415;1542639000
92414;1542639300
92413;1542639600
92412;1542639900
92411;1542640200
92410;1542640500
92409;1542640800
92408;1542641100
92407;1542641400
92406;1542641700
92405;1542642000
92404;1542642300
92403;1542642600
92402;1542642900
92401;1542643200
94578;1542706500
94577;1542706800
94576;1542707100
94575;1542707400
94574;1542707700
94573;1542708000
94572;1542708300
94571;1542708600
94570;1542708900
94569;1542709200
94568;1542709500
94567;1542709800
94566;1542710100
94565;1542710400
94564;1542710700
94563;1542711000
94562;1542711300
94561;1542711600
94560;1542711900
94559;1542712200
94558;1542712500
94557;1542712800
94556;1542713100
94555;1542713400
94554;1542713700
94553;1542714000
94552;1542714300
94551;1542714600
94550;1542714900
94549;1542715200
94548;1542715500
94547;1542715800
94546;1542716100
94545;1542716400
94544;1542716700
94543;1542717000
94542;1542717300
94541;1542717600
94540;1542717900
94539;1542718200
94538;1542718500
94537;1542718800
94536;1542719100
94535;1542719400
94534;1542719700
94533;1542720000
94532;1542720300
94531;1542720600
94530;1542720900
94529;1542721200
94528;1542721500
94527;1542721800
94526;1542722100
94525;1542722400
94524;1542722700
94523;1542723000
94522;1542723300
94521;1542723600
94520;1542723900
94519;1542724200
94518;1542724500
94517;1542724800
94516;1542725100
94515;1542725400
94514;1542725700
94513;1542726000
94512;1542726300
94511;1542726600
94510;1542726900
94509;1542727200
94508;1542727500
94507;1542727800
94506;1542728100
94505;1542728400
94504;1542728700
94503;1542729000
94502;1542729300
94501;1542729600
98778;1542792900
98777;1542793200
98776;1542793500
98775;1542793800
98774;1542794100
98773;1542794400
98772;1542794700
98771;1542795000
98770;1542795300
98769;1542795600
98768;1542795900
98767;1542796200
98766;1542796500
98765;1542796800
98764;1542797100
98763;1542797400
98762;1542797700
98761;1542798000
98760;1542798300
98759;1542798600
98758;1542798900
98757;1542799200
98756;1542799500
98755;1542799800
98754;1542800100
98753;1542800400
98752;1542800700
98751;1542801000
98750;1542801300
98749;1542801600
98748;1542801900
98747;1542802200
98746;1542802500
98745;1542802800
98744;1542803100
98743;1542803400
98742;1542803700
98741;1542804000
98740;1542804300
98739;1542804600
98738;1542804900
98737;1542805200
98736;1542805500
98735;1542805800
98734;1542806100
98733;1542806400
98732;1542806700
98731;1542807000
98730;1542807300
98729;1542807600
98728;1542807900
98727;1542808200
98726;1542808500
98725;1542808800
98724;1542809100
98723;1542809400
98722;1542809700
98721;1542810000
98720;1542810300
98719;1542810600
98718;1542810900
98717;1542811200
98716;1542811500
98715;1542811800
98714;1542812100
98713;1542812400
98712;1542812700
98711;1542813000
98710;1542813300
98709;1542813600
98708;1542813900
98707;1542814200
98706;1542814500
98705;1542814800
98704;1542815100
98703;1542815400
98702;1542815700
98701;1542816000
105034;1542879300
105033;1542879600
105032;1542879900
105031;1542880200
105030;1542880500
105029;1542880800
105028;1542881100
105027;1542881400
105026;1542881700
105025;1542882000
105024;1542882300
105023;1542882600
105022;1542882900
105021;1542883200
105020;1542883500
105019;1542883800
105018;1542884100
105017;1542884400
105016;1542884700
105015;1542885000
105014;1542885300
105013;1542885600
105012;1542885900
105011;1542886200
105010;1542886500
105009;1542886800
105008;1542887100
105007;1542887400
105006;1542887700
105005;1542888000
105004;1542888300
105003;1542888600
105002;1542888900
105001;1542889200
105000;1542889500
104999;1542889800
104998;1542890100
104997;1542890400
104996;1542890700
104995;1542891000
104994;1542891300
104993;1542891600
104992;1542891900
104991;1542892200
104990;1542892500
104989;1542892800
104988;1542893100
104987;1542893400
104986;1542893700
104985;1542894000
104984;1542894300
104983;1542894600
104982;1542894900
104981;1542895200
104980;1542895500
104979;1542895800
104978;1542896100
104977;1542896400
104976;1542896700
104975;1542897000
104974;1542897300
104973;1542897600
104972;1542897900
104971;1542898200
104970;1542898500
104969;1542898800
104968;1542899100
104967;1542899400
104966;1542899700
104965;1542900000
104964;1542900300
104963;1542900600
104962;1542900900
104961;1542901200
104960;1542901500
104959;1542901800
104958;1542902100
104957;1542902400
110812;1542965700
110811;1542966000
110810;1542966300
110809;1542966600
110808;1542966900
110807;1542967200
110806;1542967500
110805;1542967800
110804;1542968100
110803;1542968400
110802;1542968700
110801;1542969000
110800;1542969300
110799;1542969600
110798;1542969900
110797;1542970200
110796;1542970500
110795;1542970800
110794;1542971100
110793;1542971400
110792;1542971700
110791;1542972000
110790;1542972300
110789;1542972600
110788;1542972900
110787;1542973200
110786;1542973500
110785;1542973800
110784;1542974100
110783;1542974400
110782;1542974700
110781;1542975000
110780;1542975300
110779;1542975600
110778;1542975900
110777;1542976200
110776;1542976500
110775;1542976800
110774;1542977100
110773;1542977400
110772;1542977700
110771;1542978000
110770;1542978300
110769;1542978600
110768;1542978900
110767;1542979200
110766;1542979500
110765;1542979800
110764;1542980100
110763;1542980400
110762;1542980700
110761;1542981000
110760;1542981300
110759;1542981600
110758;1542981900
110757;1542982200
110756;1542982500
110755;1542982800
110754;1542983100
110753;1542983400
110752;1542983700
110751;1542984000
110750;1542984300
110749;1542984600
110748;1542984900
110747;1542985200
110746;1542985500
110745;1542985800
110744;1542986100
110743;1542986400
110742;1542986700
110741;1542987000
110740;1542987300
110739;1542987600
110738;1542987900
110737;1542988200
110736;1542988500
110735;1542988800
117390;1543224900
117389;1543225200
117388;1543225500
117387;1543225800
117386;1543226100
117385;1543226400
117384;1543226700
117383;1543227000
117382;1543227300
117381;1543227600
117380;1543227900
117379;1543228200
117378;1543228500
117377;1543228800
117376;1543229100
117375;1543229400
117374;1543229700
117373;1543230000
117372;1543230300
117371;1543230600
117370;1543230900
117369;1543231200
117368;1543231500
117367;1543231800
117366;1543232100
117365;1543232400
117364;1543232700
117363;1543233000
117362;1543233300
117361;1543233600
117360;1543233900
117359;1543234200
117358;1543234500
117357;1543234800
117356;1543235100
117355;1543235400
117354;1543235700
117353;1543236000
117352;1543236300
117351;1543236600
117350;1543236900
117349;1543237200
117348;1543237500
117347;1543237800
117346;1543238100
117345;1543238400
117344;1543238700
117343;1543239000
117342;1543239300
117341;1543239600
117340;1543239900
117339;1543240200
117338;1543240500
117337;1543240800
117336;1543241100
117335;1543241400
117334;1543241700
117333;1543242000
117332;1543242300
117331;1543242600
117330;1543242900
117329;1543243200
117328;1543243500
117327;1543243800
117326;1543244100
117325;1543244400
117324;1543244700
117323;1543245000
117322;1543245300
117321;1543245600
117320;1543245900
117319;1543246200
117318;1543246500
117317;1543246800
117316;1543247100
117315;1543247400
117314;1543247700
117313;1543248000
119390;1543311300
119389;1543311600
119388;1543311900
119387;1543312200
119386;1543312500
119385;1543312800
119384;1543313100
119383;1543313400
119382;1543313700
119381;1543314000
119380;1543314300
119379;1543314600
119378;1543314900
119377;1543315200
119376;1543315500
119375;1543315800
119374;1543316100
119373;1543316400
119372;1543316700
119371;1543317000
119370;1543317300
119369;1543317600
119368;1543317900
119367;1543318200
119366;1543318500
119365;1543318800
119364;1543319100
119363;1543319400
119362;1543319700
119361;1543320000
119360;1543320300
119359;1543320600
119358;1543320900
119357;1543321200
119356;1543321500
119355;1543321800
119354;1543322100
119353;1543322400
119352;1543322700
119351;1543323000
119350;1543323300
119349;1543323600
119348;1543323900
119347;1543324200
119346;1543324500
119345;1543324800
119344;1543325100
119343;1543325400
119342;1543325700
119341;1543326000
119340;1543326300
119339;1543326600
119338;1543326900
119337;1543327200
119336;1543327500
119335;1543327800
119334;1543328100
119333;1543328400
119332;1543328700
119331;1543329000
119330;1543329300
119329;1543329600
119328;1543329900
119327;1543330200
119326;1543330500
119325;1543330800
119324;1543331100
119323;1543331400
119322;1543331700
119321;1543332000
119320;1543332300
119319;1543332600
119318;1543332900
119317;1543333200
119316;1543333500
119315;1543333800
119314;1543334100
119313;1543334400
121365;1543397700
121364;1543398000
121363;1543398300
121362;1543398600
121361;1543398900
121360;1543399200
121359;1543399500
121358;1543399800
121357;1543400100
121356;1543400400
121355;1543400700
121354;1543401000
121353;1543401300
121352;1543401600
121351;1543401900
121350;1543402200
121349;1543402500
121348;1543402800
121347;1543403100
121346;1543403400
121345;1543403700
121344;1543404000
121343;1543404300
121342;1543404600
121341;1543404900
121340;1543405200
121339;1543405500
121338;1543405800
121337;1543406100
121336;1543406400
121335;1543406700
121334;1543407000
121333;1543407300
121332;1543407600
121331;1543407900
121330;1543408200
121329;1543408500
121328;1543408800
121327;1543409100
121326;1543409400
121325;1543409700
121324;1543410000
121323;1543410300
121322;1543410600
121321;1543410900
121320;1543411200
121319;1543411500
121318;1543411800
121317;1543412100
121441;1543412400
121440;1543412700
121439;1543413000
121438;1543413300
121437;1543413600
121436;1543413900
121435;1543414200
121434;1543414500
121433;1543414800
121432;1543415100
121431;1543415400
121430;1543415700
121429;1543416000
121428;1543416300
121427;1543416600
121426;1543416900
121425;1543417200
121424;1543417500
121423;1543417800
121422;1543418100
121421;1543418400
121420;1543418700
121419;1543419000
121418;1543419300
121417;1543419600
121316;1543419900
121315;1543420200
121314;1543420500
121313;1543420800
123390;1543484100
123389;1543484400
123388;1543484700
123387;1543485000
123386;1543485300
123385;1543485600
123384;1543485900
123383;1543486200
123382;1543486500
123381;1543486800
123380;1543487100
123379;1543487400
123378;1543487700
123377;1543488000
123376;1543488300
123375;1543488600
123374;1543488900
123373;1543489200
123372;1543489500
123371;1543489800
123370;1543490100
123369;1543490400
123368;1543490700
123367;1543491000
123366;1543491300
123365;1543491600
123364;1543491900
123363;1543492200
123362;1543492500
123361;1543492800
123360;1543493100
123359;1543493400
123358;1543493700
123357;1543494000
123356;1543494300
123355;1543494600
123354;1543494900
123353;1543495200
123352;1543495500
123351;1543495800
123350;1543496100
123349;1543496400
123348;1543496700
123347;1543497000
123346;1543497300
123345;1543497600
123344;1543497900
123343;1543498200
123342;1543498500
123341;1543498800
123340;1543499100
123339;1543499400
123338;1543499700
123337;1543500000
123336;1543500300
123335;1543500600
123334;1543500900
123333;1543501200
123332;1543501500
123331;1543501800
123330;1543502100
123329;1543502400
123328;1543502700
123327;1543503000
123326;1543503300
123325;1543503600
123324;1543503900
123323;1543504200
123322;1543504500
123321;1543504800
123320;1543505100
123319;1543505400
123318;1543505700
123317;1543506000
123316;1543506300
123315;1543506600
123314;1543506900
123313;1543507200
125390;1543570500
125389;1543570800
125388;1543571100
125387;1543571400
125386;1543571700
125385;1543572000
125384;1543572300
125383;1543572600
125382;1543572900
125381;1543573200
125380;1543573500
125379;1543573800
125378;1543574100
125377;1543574400
125376;1543574700
125375;1543575000
125374;1543575300
125373;1543575600
125372;1543575900
125371;1543576200
125370;1543576500
125369;1543576800
125368;1543577100
125367;1543577400
125366;1543577700
125365;1543578000
125364;1543578300
125363;1543578600
125362;1543578900
125361;1543579200
125360;1543579500
125359;1543579800
125358;1543580100
125357;1543580400
125356;1543580700
125355;1543581000
125354;1543581300
125353;1543581600
125352;1543581900
125351;1543582200
125350;1543582500
125349;1543582800
125348;1543583100
125347;1543583400
125346;1543583700
125345;1543584000
125344;1543584300
125343;1543584600
125342;1543584900
125341;1543585200
125340;1543585500
125339;1543585800
125338;1543586100
125337;1543586400
125336;1543586700
125335;1543587000
125334;1543587300
125333;1543587600
125332;1543587900
125331;1543588200
125330;1543588500
125329;1543588800
125328;1543589100
125327;1543589400
125326;1543589700
125325;1543590000
125324;1543590300
125323;1543590600
125322;1543590900
125321;1543591200
125320;1543591500
125319;1543591800
125318;1543592100
125317;1543592400
125316;1543592700
125315;1543593000
125314;1543593300
125313;1543593600
127390;1543829700
127389;1543830000
127388;1543830300
127387;1543830600
127386;1543830900
127385;1543831200
127384;1543831500
127383;1543831800
127382;1543832100
127381;1543832400
127380;1543832700
127379;1543833000
127378;1543833300
127377;1543833600
127376;1543833900
127375;1543834200
127374;1543834500
127373;1543834800
127372;1543835100
127371;1543835400
127370;1543835700
127369;1543836000
127368;1543836300
127367;1543836600
127366;1543836900
127365;1543837200
127364;1543837500
127363;1543837800
127362;1543838100
127361;1543838400
127360;1543838700
127359;1543839000
127358;1543839300
127357;1543839600
127356;1543839900
127355;1543840200
127354;1543840500
127353;1543840800
127352;1543841100
127351;1543841400
127350;1543841700
127349;1543842000
127348;1543842300
127347;1543842600
127346;1543842900
127345;1543843200
127344;1543843500
127343;1543843800
127342;1543844100
127341;1543844400
127340;1543844700
127339;1543845000
127338;1543845300
127337;1543845600
127336;1543845900
127335;1543846200
127334;1543846500
127333;1543846800
127332;1543847100
127331;1543847400
127330;1543847700
127329;1543848000
127328;1543848300
127327;1543848600
127326;1543848900
127325;1543849200
127324;1543849500
127323;1543849800
127322;1543850100
127321;1543850400
127320;1543850700
127319;1543851000
127318;1543851300
127317;1543851600
127316;1543851900
127315;1543852200
127314;1543852500
127313;1543852800
129390;1543916100
129389;1543916400
129388;1543916700
129387;1543917000
129386;1543917300
129385;1543917600
129384;1543917900
129383;1543918200
129382;1543918500
129381;1543918800
129380;1543919100
129379;1543919400
129378;1543919700
129377;1543920000
129376;1543920300
129375;1543920600
129374;1543920900
129373;1543921200
129372;1543921500
129371;1543921800
129370;1543922100
129369;1543922400
129368;1543922700
129367;1543923000
129366;1543923300
129365;1543923600
129364;1543923900
129363;1543924200
129362;1543924500
129361;1543924800
129360;1543925100
129359;1543925400
129358;1543925700
129357;1543926000
129356;1543926300
129355;1543926600
129354;1543926900
129353;1543927200
129352;1543927500
129351;1543927800
129350;1543928100
129349;1543928400
129348;1543928700
129347;1543929000
129346;1543929300
129345;1543929600
129344;1543929900
129343;1543930200
129342;1543930500
129341;1543930800
129340;1543931100
129339;1543931400
129338;1543931700
129337;1543932000
129336;1543932300
129335;1543932600
129334;1543932900
129333;1543933200
129332;1543933500
129331;1543933800
129330;1543934100
129329;1543934400
129328;1543934700
129327;1543935000
129326;1543935300
129325;1543935600
129324;1543935900
129323;1543936200
129322;1543936500
129321;1543936800
129320;1543937100
129319;1543937400
129318;1543937700
129317;1543938000
129316;1543938300
129315;1543938600
129314;1543938900
129313;1543939200
131390;1544002500
131389;1544002800
131388;1544003100
131387;1544003400
131386;1544003700
131385;1544004000
131384;1544004300
131383;1544004600
131382;1544004900
131381;1544005200
131380;1544005500
131379;1544005800
131378;1544006100
131377;1544006400
131376;1544006700
131375;1544007000
131374;1544007300
131373;1544007600
131372;1544007900
131371;1544008200
131370;1544008500
131369;1544008800
131368;1544009100
131367;1544009400
131366;1544009700
131365;1544010000
131364;1544010300
131363;1544010600
131362;1544010900
131361;1544011200
131360;1544011500
131359;1544011800
131358;1544012100
131357;1544012400
131356;1544012700
131355;1544013000
131354;1544013300
131353;1544013600
131352;1544013900
131351;1544014200
131350;1544014500
131349;1544014800
131348;1544015100
131347;1544015400
131346;1544015700
131345;1544016000
131344;1544016300
131343;1544016600
131342;1544016900
131341;1544017200
131340;1544017500
131339;1544017800
131338;1544018100
131337;1544018400
131336;1544018700
131335;1544019000
131334;1544019300
131333;1544019600
131332;1544019900
131331;1544020200
131330;1544020500
131329;1544020800
131328;1544021100
131327;1544021400
131326;1544021700
131325;1544022000
131324;1544022300
131323;1544022600
131322;1544022900
131321;1544023200
131320;1544023500
131319;1544023800
131318;1544024100
131317;1544024400
131316;1544024700
131315;1544025000
131314;1544025300
131313;1544025600
133390;1544088900
133389;1544089200
133388;1544089500
133387;1544089800
133386;1544090100
133385;1544090400
133384;1544090700
133383;1544091000
133382;1544091300
133381;1544091600
133380;1544091900
133379;1544092200
133378;1544092500
133377;1544092800
133376;1544093100
133375;1544093400
133374;1544093700
133373;1544094000
133372;1544094300
133371;1544094600
133370;1544094900
133369;1544095200
133368;1544095500
133367;1544095800
133366;1544096100
133365;1544096400
133364;1544096700
133363;1544097000
133362;1544097300
133361;1544097600
133360;1544097900
133359;1544098200
133358;1544098500
133357;1544098800
133356;1544099100
133355;1544099400
133354;1544099700
133353;1544100000
133352;1544100300
133351;1544100600
133350;1544100900
133349;1544101200
133348;1544101500
133347;1544101800
133346;1544102100
133345;1544102400
133344;1544102700
133343;1544103000
133342;1544103300
133341;1544103600
133340;1544103900
133339;1544104200
133338;1544104500
133337;1544104800
133336;1544105100
133335;1544105400
133334;1544105700
133333;1544106000
133332;1544106300
133331;1544106600
133330;1544106900
133329;1544107200
133328;1544107500
133327;1544107800
133326;1544108100
133325;1544108400
133324;1544108700
133323;1544109000
133322;1544109300
133321;1544109600
133320;1544109900
133319;1544110200
133318;1544110500
133317;1544110800
133316;1544111100
133315;1544111400
133314;1544111700
133313;1544112000
135390;1544175300
135389;1544175600
135388;1544175900
135387;1544176200
135386;1544176500
135385;1544176800
135384;1544177100
135383;1544177400
135382;1544177700
135381;1544178000
135380;1544178300
135379;1544178600
135378;1544178900
135377;1544179200
135376;1544179500
135375;1544179800
135374;1544180100
135373;1544180400
135372;1544180700
135371;1544181000
135370;1544181300
135369;1544181600
135368;1544181900
135367;1544182200
135366;1544182500
135365;1544182800
135364;1544183100
135363;1544183400
135362;1544183700
135361;1544184000
135360;1544184300
135359;1544184600
135358;1544184900
135357;1544185200
135356;1544185500
135355;1544185800
135354;1544186100
135353;1544186400
135352;1544186700
135351;1544187000
135350;1544187300
135349;1544187600
135348;1544187900
135347;1544188200
135346;1544188500
135345;1544188800
135344;1544189100
135343;1544189400
135342;1544189700
135341;1544190000
135340;1544190300
135339;1544190600
135338;1544190900
135337;1544191200
135336;1544191500
135335;1544191800
135334;1544192100
135333;1544192400
135332;1544192700
135331;1544193000
135330;1544193300
135329;1544193600
135328;1544193900
135327;1544194200
135326;1544194500
135325;1544194800
135324;1544195100
135323;1544195400
135322;1544195700
135321;1544196000
135320;1544196300
135319;1544196600
135318;1544196900
135317;1544197200
135316;1544197500
135315;1544197800
135314;1544198100
135313;1544198400
137390;1544434500
137389;1544434800
137388;1544435100
137387;1544435400
137386;1544435700
137385;1544436000
137384;1544436300
137383;1544436600
137382;1544436900
137381;1544437200
137380;1544437500
137379;1544437800
137378;1544438100
137377;1544438400
137376;1544438700
137375;1544439000
137374;1544439300
137373;1544439600
137372;1544439900
137371;1544440200
137370;1544440500
137369;1544440800
137368;1544441100
137367;1544441400
137366;1544441700
137365;1544442000
137364;1544442300
137363;1544442600
137362;1544442900
137361;1544443200
137360;1544443500
137359;1544443800
137358;1544444100
137357;1544444400
137356;1544444700
137355;1544445000
137354;1544445300
137353;1544445600
137352;1544445900
137351;1544446200
137350;1544446500
137349;1544446800
137348;1544447100
137347;1544447400
137346;1544447700
137345;1544448000
137344;1544448300
137343;1544448600
137342;1544448900
137341;1544449200
137340;1544449500
137339;1544449800
137338;1544450100
137337;1544450400
137336;1544450700
137335;1544451000
137334;1544451300
137333;1544451600
137332;1544451900
137331;1544452200
137330;1544452500
137329;1544452800
137328;1544453100
137327;1544453400
137326;1544453700
137325;1544454000
137324;1544454300
137323;1544454600
137322;1544454900
137321;1544455200
137320;1544455500
137319;1544455800
137318;1544456100
137317;1544456400
137316;1544456700
137315;1544457000
137314;1544457300
137313;1544457600
139331;1544520900
139330;1544521200
139329;1544521500
139328;1544521800
139327;1544522100
139326;1544522400
139325;1544522700
139324;1544523000
139323;1544523300
139322;1544523600
139321;1544523900
139320;1544524200
139319;1544524500
139318;1544524800
139317;1544525100
139316;1544525400
139315;1544525700
139314;1544526000
139313;1544526300
139415;1544526600
139414;1544526900
139413;1544527200
141468;1544527500
141467;1544527800
141466;1544528100
141465;1544528400
141464;1544528700
141463;1544529000
141462;1544529300
141461;1544529600
141460;1544529900
141459;1544530200
141458;1544530500
141457;1544530800
141456;1544531100
141455;1544531400
141454;1544531700
141453;1544532000
141452;1544532300
141451;1544532600
141450;1544532900
141449;1544533200
141448;1544533500
141447;1544533800
141446;1544534100
141445;1544534400
141444;1544534700
141443;1544535000
141442;1544535300
141441;1544535600
141440;1544535900
141439;1544536200
141438;1544536500
141437;1544536800
141436;1544537100
141435;1544537400
141434;1544537700
141433;1544538000
141432;1544538300
141431;1544538600
141430;1544538900
141429;1544539200
141428;1544539500
141427;1544539800
141426;1544540100
141425;1544540400
141424;1544540700
141423;1544541000
141422;1544541300
141421;1544541600
141420;1544541900
141419;1544542200
141418;1544542500
141417;1544542800
141416;1544543100
141415;1544543400
141414;1544543700
141413;1544544000
143590;1544607300
143589;1544607600
143588;1544607900
143587;1544608200
143586;1544608500
143585;1544608800
143584;1544609100
143583;1544609400
143582;1544609700
143581;1544610000
143580;1544610300
143579;1544610600
143578;1544610900
143577;1544611200
143576;1544611500
143575;1544611800
143574;1544612100
143573;1544612400
143572;1544612700
143571;1544613000
143570;1544613300
143569;1544613600
143568;1544613900
143567;1544614200
143566;1544614500
143565;1544614800
143564;1544615100
143563;1544615400
143562;1544615700
143561;1544616000
143560;1544616300
143559;1544616600
143558;1544616900
143557;1544617200
143556;1544617500
143555;1544617800
143554;1544618100
143553;1544618400
143552;1544618700
143551;1544619000
143550;1544619300
143549;1544619600
143548;1544619900
143547;1544620200
143546;1544620500
143545;1544620800
143544;1544621100
143543;1544621400
143542;1544621700
143541;1544622000
143540;1544622300
143539;1544622600
143538;1544622900
143537;1544623200
143536;1544623500
143535;1544623800
143534;1544624100
143533;1544624400
143532;1544624700
143531;1544625000
143530;1544625300
143529;1544625600
143528;1544625900
143527;1544626200
143526;1544626500
143525;1544626800
143524;1544627100
143523;1544627400
143522;1544627700
143521;1544628000
143520;1544628300
143519;1544628600
143518;1544628900
143517;1544629200
143516;1544629500
143515;1544629800
143514;1544630100
143513;1544630400
145690;1544693700
145689;1544694000
145688;1544694300
145687;1544694600
145686;1544694900
145685;1544695200
145684;1544695500
145683;1544695800
145682;1544696100
145681;1544696400
145680;1544696700
145679;1544697000
145678;1544697300
145677;1544697600
145676;1544697900
145675;1544698200
145674;1544698500
145673;1544698800
145672;1544699100
145671;1544699400
145670;1544699700
145669;1544700000
145668;1544700300
145667;1544700600
145666;1544700900
145665;1544701200
145664;1544701500
145663;1544701800
145662;1544702100
145661;1544702400
145660;1544702700
145659;1544703000
145658;1544703300
145657;1544703600
145656;1544703900
145655;1544704200
145654;1544704500
145653;1544704800
145652;1544705100
145651;1544705400
145650;1544705700
145649;1544706000
145648;1544706300
145647;1544706600
145646;1544706900
145645;1544707200
145644;1544707500
145643;1544707800
145642;1544708100
145641;1544708400
145640;1544708700
145639;1544709000
145638;1544709300
145637;1544709600
145636;1544709900
145635;1544710200
145634;1544710500
145633;1544710800
145632;1544711100
145631;1544711400
145630;1544711700
145629;1544712000
145628;1544712300
145627;1544712600
145626;1544712900
145625;1544713200
145624;1544713500
145623;1544713800
145622;1544714100
145621;1544714400
145620;1544714700
145619;1544715000
145618;1544715300
145617;1544715600
145616;1544715900
145615;1544716200
145614;1544716500
145613;1544716800
147790;1544780100
147789;1544780400
147788;1544780700
147787;1544781000
147786;1544781300
147785;1544781600
147784;1544781900
147783;1544782200
147782;1544782500
147781;1544782800
147780;1544783100
147779;1544783400
147778;1544783700
147777;1544784000
147776;1544784300
147775;1544784600
147774;1544784900
147773;1544785200
147772;1544785500
147771;1544785800
147770;1544786100
147769;1544786400
147768;1544786700
147767;1544787000
147766;1544787300
147765;1544787600
147764;1544787900
147763;1544788200
147762;1544788500
147761;1544788800
147760;1544789100
147759;1544789400
147758;1544789700
147757;1544790000
147756;1544790300
147755;1544790600
147754;1544790900
147753;1544791200
147752;1544791500
147751;1544791800
147750;1544792100
147749;1544792400
147748;1544792700
147747;1544793000
147746;1544793300
147745;1544793600
147744;1544793900
147743;1544794200
147742;1544794500
147741;1544794800
147740;1544795100
147739;1544795400
147738;1544795700
147737;1544796000
147736;1544796300
147735;1544796600
147734;1544796900
147733;1544797200
147732;1544797500
147731;1544797800
147730;1544798100
147729;1544798400
147728;1544798700
147727;1544799000
147726;1544799300
147725;1544799600
147724;1544799900
147723;1544800200
147722;1544800500
147721;1544800800
147720;1544801100
147719;1544801400
147718;1544801700
147717;1544802000
147716;1544802300
147715;1544802600
147714;1544802900
147713;1544803200
149890;1545039300
149889;1545039600
149888;1545039900
149887;1545040200
149886;1545040500
149885;1545040800
149884;1545041100
149883;1545041400
149882;1545041700
149881;1545042000
149880;1545042300
149879;1545042600
149878;1545042900
149877;1545043200
149876;1545043500
149875;1545043800
149874;1545044100
149873;1545044400
149872;1545044700
149871;1545045000
149870;1545045300
149869;1545045600
149868;1545045900
149867;1545046200
149866;1545046500
149865;1545046800
149864;1545047100
149863;1545047400
149862;1545047700
149861;1545048000
149860;1545048300
149859;1545048600
149858;1545048900
149857;1545049200
149856;1545049500
149855;1545049800
149854;1545050100
149853;1545050400
149852;1545050700
149851;1545051000
149850;1545051300
149849;1545051600
149848;1545051900
149847;1545052200
149846;1545052500
149845;1545052800
149844;1545053100
149843;1545053400
149842;1545053700
149841;1545054000
149840;1545054300
149839;1545054600
149838;1545054900
149837;1545055200
149836;1545055500
149835;1545055800
149834;1545056100
149833;1545056400
149832;1545056700
149831;1545057000
149830;1545057300
149829;1545057600
149828;1545057900
149827;1545058200
149826;1545058500
149825;1545058800
149824;1545059100
149823;1545059400
149822;1545059700
149821;1545060000
149820;1545060300
149819;1545060600
149818;1545060900
149817;1545061200
149816;1545061500
149815;1545061800
149814;1545062100
149813;1545062400
151990;1545125700
151989;1545126000
151988;1545126300
151987;1545126600
151986;1545126900
151985;1545127200
151984;1545127500
151983;1545127800
151982;1545128100
151981;1545128400
151980;1545128700
151979;1545129000
151978;1545129300
151977;1545129600
151976;1545129900
151975;1545130200
151974;1545130500
151973;1545130800
151972;1545131100
151971;1545131400
151970;1545131700
151969;1545132000
151968;1545132300
151967;1545132600
151966;1545132900
151965;1545133200
151964;1545133500
151963;1545133800
151962;1545134100
151961;1545134400
151960;1545134700
151959;1545135000
151958;1545135300
151957;1545135600
151956;1545135900
151955;1545136200
151954;1545136500
151953;1545136800
151952;1545137100
151951;1545137400
151950;1545137700
151949;1545138000
151948;1545138300
151947;1545138600
151946;1545138900
151945;1545139200
151944;1545139500
151943;1545139800
151942;1545140100
151941;1545140400
151940;1545140700
151939;1545141000
151938;1545141300
151937;1545141600
151936;1545141900
151935;1545142200
151934;1545142500
151933;1545142800
151932;1545143100
151931;1545143400
151930;1545143700
151929;1545144000
151928;1545144300
151927;1545144600
151926;1545144900
151925;1545145200
151924;1545145500
151923;1545145800
151922;1545146100
151921;1545146400
151920;1545146700
151919;1545147000
151918;1545147300
151917;1545147600
151916;1545147900
151915;1545148200
151914;1545148500
151913;1545148800
154090;1545212100
154089;1545212400
154088;1545212700
154087;1545213000
154086;1545213300
154085;1545213600
154084;1545213900
154083;1545214200
154082;1545214500
154081;1545214800
154080;1545215100
154079;1545215400
154078;1545215700
154077;1545216000
154076;1545216300
154075;1545216600
154074;1545216900
154073;1545217200
154072;1545217500
154071;1545217800
154070;1545218100
154069;1545218400
154068;1545218700
154067;1545219000
154066;1545219300
154065;1545219600
154064;1545219900
154063;1545220200
154062;1545220500
154061;1545220800
154060;1545221100
154059;1545221400
154058;1545221700
154057;1545222000
154056;1545222300
154055;1545222600
154054;1545222900
154053;1545223200
154052;1545223500
154051;1545223800
154050;1545224100
154049;1545224400
154048;1545224700
154047;1545225000
154046;1545225300
154045;1545225600
154044;1545225900
154043;1545226200
154042;1545226500
154041;1545226800
154040;1545227100
154039;1545227400
154038;1545227700
154037;1545228000
154036;1545228300
154035;1545228600
154034;1545228900
154033;1545229200
154032;1545229500
154031;1545229800
154030;1545230100
154029;1545230400
154028;1545230700
154027;1545231000
154026;1545231300
154025;1545231600
154024;1545231900
154023;1545232200
154022;1545232500
154021;1545232800
154020;1545233100
154019;1545233400
154018;1545233700
154017;1545234000
154016;1545234300
154015;1545234600
154014;1545234900
154013;1545235200
156190;1545298500
156189;1545298800
156188;1545299100
156187;1545299400
156186;1545299700
156185;1545300000
156184;1545300300
156183;1545300600
156182;1545300900
156181;1545301200
156180;1545301500
156179;1545301800
156178;1545302100
156177;1545302400
156176;1545302700
156175;1545303000
156174;1545303300
156173;1545303600
156172;1545303900
156171;1545304200
156170;1545304500
156169;1545304800
156168;1545305100
156167;1545305400
156166;1545305700
156165;1545306000
156164;1545306300
156163;1545306600
156162;1545306900
156161;1545307200
156160;1545307500
156159;1545307800
156158;1545308100
156157;1545308400
156156;1545308700
156155;1545309000
156154;1545309300
156153;1545309600
156152;1545309900
156151;1545310200
156150;1545310500
156149;1545310800
156148;1545311100
156147;1545311400
156146;1545311700
156145;1545312000
156144;1545312300
156143;1545312600
156142;1545312900
156141;1545313200
156140;1545313500
156139;1545313800
156138;1545314100
156137;1545314400
156136;1545314700
156135;1545315000
156134;1545315300
156133;1545315600
156132;1545315900
156131;1545316200
156130;1545316500
156129;1545316800
156128;1545317100
156127;1545317400
156126;1545317700
156125;1545318000
156124;1545318300
156123;1545318600
156122;1545318900
156121;1545319200
156120;1545319500
156119;1545319800
156118;1545320100
156117;1545320400
156116;1545320700
156115;1545321000
156114;1545321300
156113;1545321600
158290;1545384900
158289;1545385200
158288;1545385500
158287;1545385800
158286;1545386100
158285;1545386400
158284;1545386700
158283;1545387000
158282;1545387300
158281;1545387600
158280;1545387900
158279;1545388200
158278;1545388500
158277;1545388800
158276;1545389100
158275;1545389400
158274;1545389700
158273;1545390000
158272;1545390300
158271;1545390600
158270;1545390900
158269;1545391200
158268;1545391500
158267;1545391800
158266;1545392100
158265;1545392400
158264;1545392700
158263;1545393000
158262;1545393300
158261;1545393600
158260;1545393900
158259;1545394200
158258;1545394500
158257;1545394800
158256;1545395100
158255;1545395400
158254;1545395700
158253;1545396000
158252;1545396300
158251;1545396600
158250;1545396900
158249;1545397200
158248;1545397500
158247;1545397800
158246;1545398100
158245;1545398400
158244;1545398700
158243;1545399000
158242;1545399300
158241;1545399600
158240;1545399900
158239;1545400200
158238;1545400500
158237;1545400800
158236;1545401100
158235;1545401400
158234;1545401700
158233;1545402000
158232;1545402300
158231;1545402600
158230;1545402900
158229;1545403200
158228;1545403500
158227;1545403800
158226;1545404100
158225;1545404400
158224;1545404700
158223;1545405000
158222;1545405300
158221;1545405600
158220;1545405900
158219;1545406200
158218;1545406500
158217;1545406800
158216;1545407100
158215;1545407400
158214;1545407700
158213;1545408000
